{"cameraMode":{"drawMode":0,"name":"Shaded","section":"Shading Mode"},"sceneLighting":false,"audioPlay":false,"sceneViewState":{"showFog":false,"showMaterialUpdate":false,"showSkybox":false,"showFlares":false,"showImageEffects":false,"showParticleSystems":false},"in2DMode":false,"pivot":{"x":-1.0616998672485352,"y":2.7146236896514894,"z":-0.828404426574707},"rotation":{"x":0.011311524547636509,"y":0.9054069519042969,"z":0.024171413853764535,"w":-0.42370569705963137},"size":9.47852897644043,"orthographic":false}