{"cameraMode":{"drawMode":0,"name":"Shaded","section":"Shading Mode"},"sceneLighting":false,"audioPlay":false,"sceneViewState":{"showFog":false,"showMaterialUpdate":false,"showSkybox":false,"showFlares":false,"showImageEffects":false,"showParticleSystems":false},"in2DMode":false,"pivot":{"x":-0.5654752254486084,"y":0.2510204315185547,"z":1.0700876712799073},"rotation":{"x":0.09734557569026947,"y":0.000893832475412637,"z":-0.00008746027742745355,"w":0.995250403881073},"size":2.4775965213775636,"orthographic":false}