{"cameraMode":{"drawMode":0,"name":"Shaded","section":"Shading Mode"},"sceneLighting":false,"audioPlay":false,"sceneViewState":{"showFog":false,"showMaterialUpdate":false,"showSkybox":false,"showFlares":false,"showImageEffects":false,"showParticleSystems":false},"in2DMode":false,"pivot":{"x":0.8395426273345947,"y":0.46972692012786868,"z":0.6539936661720276},"rotation":{"x":0.033510517328977588,"y":0.44810792803764346,"z":-0.01681187003850937,"w":0.893193781375885},"size":2.8578836917877199,"orthographic":false}