{"cameraMode":{"drawMode":0,"name":"Shaded","section":"Shading Mode"},"sceneLighting":true,"audioPlay":false,"sceneViewState":{"showFog":false,"showMaterialUpdate":false,"showSkybox":false,"showFlares":false,"showImageEffects":false,"showParticleSystems":false},"in2DMode":false,"pivot":{"x":0.4046964645385742,"y":1.06803560256958,"z":0.5800228118896484},"rotation":{"x":0.31720370054244997,"y":0.3378880023956299,"z":-0.1221187487244606,"w":0.8776668310165405},"size":3.5386948585510256,"orthographic":false}