{"cameraMode":{"drawMode":0,"name":"Shaded","section":"Shading Mode"},"sceneLighting":false,"audioPlay":false,"sceneViewState":{"showFog":false,"showMaterialUpdate":false,"showSkybox":false,"showFlares":false,"showImageEffects":false,"showParticleSystems":false},"in2DMode":false,"pivot":{"x":3.2402734756469728,"y":0.20929254591464997,"z":1.9250884056091309},"rotation":{"x":0.1344262808561325,"y":0.5563901662826538,"z":-0.09178987890481949,"w":0.8148444890975952},"size":8.322364807128907,"orthographic":false}