{"cameraMode":{"drawMode":0,"name":"Shaded","section":"Shading Mode"},"sceneLighting":true,"audioPlay":false,"sceneViewState":{"showFog":false,"showMaterialUpdate":false,"showSkybox":false,"showFlares":false,"showImageEffects":false,"showParticleSystems":false},"in2DMode":false,"pivot":{"x":-3.96248197555542,"y":-2.0915675163269045,"z":-3.9382643699645998},"rotation":{"x":0.17339926958084107,"y":0.39445623755455019,"z":-0.07606636732816696,"w":0.8991947770118713},"size":11.547019004821778,"orthographic":false}