{"cameraMode":{"drawMode":0,"name":"Shaded","section":"Shading Mode"},"sceneLighting":false,"audioPlay":false,"sceneViewState":{"showFog":false,"showMaterialUpdate":false,"showSkybox":false,"showFlares":false,"showImageEffects":false,"showParticleSystems":false},"in2DMode":false,"pivot":{"x":18.76238441467285,"y":-66.65965270996094,"z":67.51022338867188},"rotation":{"x":-0.2995825409889221,"y":-0.05663171410560608,"z":0.01781705766916275,"w":-0.9522227048873901},"size":84.97442626953125,"orthographic":false}