{"cameraMode":{"drawMode":0,"name":"Shaded","section":"Shading Mode"},"sceneLighting":false,"audioPlay":false,"sceneViewState":{"showFog":false,"showMaterialUpdate":false,"showSkybox":false,"showFlares":false,"showImageEffects":false,"showParticleSystems":false},"in2DMode":false,"pivot":{"x":-1.213483214378357,"y":1.028005838394165,"z":2.409916639328003},"rotation":{"x":-0.20867346227169038,"y":0.2284592241048813,"z":-0.05020300671458244,"w":-0.9496029019355774},"size":5.7157673835754398,"orthographic":false}