{"cameraMode":{"drawMode":0,"name":"Shaded","section":"Shading Mode"},"sceneLighting":false,"audioPlay":false,"sceneViewState":{"showFog":false,"showMaterialUpdate":false,"showSkybox":false,"showFlares":false,"showImageEffects":false,"showParticleSystems":false},"in2DMode":false,"pivot":{"x":0.4036445617675781,"y":2.489035129547119,"z":2.293952226638794},"rotation":{"x":0.0009541832259856164,"y":-0.9895898103713989,"z":0.14380663633346559,"w":0.006538236979395151},"size":3.150080919265747,"orthographic":false}