{"cameraMode":{"drawMode":0,"name":"Shaded","section":"Shading Mode"},"sceneLighting":false,"audioPlay":false,"sceneViewState":{"showFog":false,"showMaterialUpdate":false,"showSkybox":false,"showFlares":false,"showImageEffects":false,"showParticleSystems":false},"in2DMode":false,"pivot":{"x":0.5973008275032044,"y":1.6618950366973878,"z":0.5970306396484375},"rotation":{"x":-0.2025250494480133,"y":-0.11982189863920212,"z":0.024976402521133424,"w":-0.9716128706932068},"size":2.9728946685791017,"orthographic":false}